Iter,Test Score,Spearmans Rank,Pearsons Correlation,Model Parms,Formulation_Index,Experimental_Transfection,Predicted_Transfection
1,0.08630618297871699,"SignificanceResult(statistic=0.5178134155241974, pvalue=3.244231992851893e-16)","PearsonRResult(statistic=0.6824253592083549, pvalue=5.922798261792695e-31)","{'weights': 'distance', 'p': 1, 'n_neighbors': 2, 'metric': 'minkowski', 'leaf_size': 50, 'algorithm': 'ball_tree'}","[   2    7   12   17   23   28   32   44   46   53   65   75   76   89
  105  110  121  122  125  126  132  134  140  143  144  152  154  156
  173  174  178  180  189  192  197  212  218  223  224  226  229  231
  234  245  250  254  262  265  272  274  275  277  278  285  299  300
  301  305  308  319  327  330  335  343  346  350  354  359  370  373
  376  384  385  393  394  400  409  411  412  414  416  419  426  438
  444  446  451  453  462  468  476  480  483  484  486  508  509  514
  519  526  529  530  532  540  545  549  560  565  577  578  582  591
  593  594  599  604  614  616  618  619  624  627  629  638  640  642
  647  655  667  669  676  679  689  693  695  698  701  704  706  708
  713  717  724  725  727  730  732  741  745  751  753  754  758  762
  766  776  787  790  793  801  806  816  817  822  828  832  836  838
  839  843  844  849  850  864  867  870  872  880  888  890  891  904
  905  907  913  916  917  934  950  958  966  968  977  980  982  983
  995 1001 1003 1008 1016 1018 1019 1025 1028 1047 1050 1051 1055 1057
 1059 1061 1071 1072 1075 1080]","[[0.03]
 [0.06]
 [0.  ]
 [0.  ]
 [0.  ]
 [0.  ]
 [0.  ]
 [0.  ]
 [0.  ]
 [0.  ]
 [0.  ]
 [0.  ]
 [0.  ]
 [0.  ]
 [0.  ]
 [0.  ]
 [0.  ]
 [0.  ]
 [0.  ]
 [0.  ]
 [0.  ]
 [0.02]
 [0.  ]
 [0.  ]
 [0.  ]
 [0.  ]
 [0.  ]
 [0.  ]
 [0.02]
 [0.  ]
 [0.  ]
 [0.  ]
 [0.  ]
 [0.  ]
 [0.  ]
 [0.  ]
 [0.01]
 [0.  ]
 [0.  ]
 [0.  ]
 [0.  ]
 [0.  ]
 [0.02]
 [0.  ]
 [0.  ]
 [0.09]
 [0.  ]
 [0.  ]
 [0.  ]
 [0.  ]
 [0.07]
 [0.24]
 [0.  ]
 [0.17]
 [0.52]
 [0.67]
 [0.  ]
 [0.  ]
 [0.  ]
 [0.  ]
 [0.  ]
 [0.06]
 [0.  ]
 [0.  ]
 [0.  ]
 [0.  ]
 [0.14]
 [0.  ]
 [0.1 ]
 [0.  ]
 [0.05]
 [0.  ]
 [0.  ]
 [0.  ]
 [0.  ]
 [0.1 ]
 [0.75]
 [0.42]
 [0.98]
 [0.3 ]
 [0.58]
 [0.59]
 [0.05]
 [0.01]
 [0.36]
 [0.  ]
 [0.  ]
 [0.16]
 [0.61]
 [0.62]
 [0.71]
 [0.55]
 [0.  ]
 [0.01]
 [0.  ]
 [0.  ]
 [0.  ]
 [0.  ]
 [0.  ]
 [0.34]
 [0.43]
 [0.2 ]
 [0.83]
 [0.54]
 [0.  ]
 [0.  ]
 [0.  ]
 [0.  ]
 [0.  ]
 [0.  ]
 [0.07]
 [0.  ]
 [0.  ]
 [0.  ]
 [0.  ]
 [0.  ]
 [0.  ]
 [0.  ]
 [0.04]
 [0.  ]
 [0.16]
 [0.  ]
 [0.  ]
 [0.04]
 [0.  ]
 [0.  ]
 [0.  ]
 [0.  ]
 [0.  ]
 [0.06]
 [0.  ]
 [0.  ]
 [0.  ]
 [0.1 ]
 [0.  ]
 [0.  ]
 [0.  ]
 [0.  ]
 [0.  ]
 [0.  ]
 [0.  ]
 [0.  ]
 [0.  ]
 [0.  ]
 [0.  ]
 [0.  ]
 [0.  ]
 [0.  ]
 [0.  ]
 [0.  ]
 [0.  ]
 [0.  ]
 [0.26]
 [0.05]
 [0.  ]
 [0.  ]
 [0.  ]
 [0.  ]
 [0.  ]
 [0.  ]
 [0.09]
 [0.  ]
 [0.09]
 [0.  ]
 [0.  ]
 [0.31]
 [0.05]
 [0.01]
 [0.  ]
 [0.  ]
 [0.  ]
 [0.05]
 [0.  ]
 [0.  ]
 [0.  ]
 [0.  ]
 [0.  ]
 [0.  ]
 [0.  ]
 [0.  ]
 [0.  ]
 [0.  ]
 [0.  ]
 [0.  ]
 [0.  ]
 [0.  ]
 [0.02]
 [0.07]
 [0.6 ]
 [0.75]
 [0.45]
 [0.33]
 [0.  ]
 [0.55]
 [0.39]
 [0.12]
 [0.68]
 [0.36]
 [0.89]
 [0.52]
 [0.62]
 [0.74]
 [0.79]
 [0.  ]
 [0.  ]
 [0.  ]
 [0.43]
 [0.01]
 [0.25]
 [0.  ]
 [0.  ]
 [0.09]
 [0.01]
 [0.33]
 [0.71]
 [0.62]]","[0.06 0.13 0.   0.   0.   0.   0.   0.   0.   0.   0.   0.   0.   0.
 0.   0.   0.   0.   0.   0.   0.25 0.   0.02 0.03 0.03 0.06 0.   0.
 0.   0.48 0.   0.54 0.13 0.   0.   0.11 0.   0.   0.18 0.   0.   0.
 0.   0.03 0.   0.04 0.   0.   0.14 0.04 0.   0.02 0.16 0.24 0.13 0.65
 0.   0.   0.04 0.   0.   0.03 0.   0.03 0.12 0.   0.45 0.02 0.   0.48
 0.01 0.02 0.05 0.25 0.   0.6  0.3  0.3  0.08 0.71 0.62 0.64 0.06 0.12
 0.33 0.2  0.15 0.04 0.17 0.71 0.6  0.16 0.   0.   0.   0.02 0.   0.
 0.   0.39 0.08 0.   0.21 0.67 0.   0.12 0.   0.   0.07 0.03 0.21 0.01
 0.   0.   0.   0.   0.   0.02 0.   0.01 0.   0.   0.   0.17 0.   0.
 0.15 0.02 0.   0.   0.   0.   0.   0.   0.   0.   0.   0.03 0.01 0.1
 0.16 0.46 0.   0.   0.11 0.   0.   0.   0.   0.   0.   0.   0.19 0.
 0.   0.   0.   0.   0.   0.   0.   0.   0.11 0.25 0.   0.   0.   0.19
 0.   0.   0.   0.   0.   0.   0.   0.01 0.13 0.04 0.   0.   0.31 0.05
 0.01 0.31 0.15 0.01 0.01 0.   0.63 0.   0.25 0.47 0.   0.29 0.24 0.54
 0.42 0.56 0.82 0.76 0.71 0.71 0.62 0.   0.   0.   0.   0.04 0.   0.
 0.   0.33 0.14 0.2  0.69 0.74]"
2,0.0928394736347882,"SignificanceResult(statistic=0.4520672139285639, pvalue=2.817834930702527e-12)","PearsonRResult(statistic=0.6127967717799461, pvalue=1.1644448836408682e-23)","{'weights': 'distance', 'p': 1, 'n_neighbors': 2, 'metric': 'minkowski', 'leaf_size': 50, 'algorithm': 'ball_tree'}","[  13   30   31   35   36   38   40   58   69   70   79   81   85   86
   88   93   95  100  101  109  115  117  123  133  139  141  153  158
  162  164  168  172  175  176  177  182  191  193  194  195  196  198
  203  204  217  219  230  236  238  241  243  246  249  251  253  260
  261  281  286  288  293  294  295  296  306  316  322  324  326  336
  340  342  355  362  371  375  379  382  387  388  404  415  418  420
  421  429  430  431  432  441  442  443  445  448  449  464  474  485
  487  488  492  493  496  500  501  502  511  512  525  537  546  547
  548  559  563  567  570  572  574  581  583  589  602  605  613  622
  623  632  636  639  662  665  670  673  674  685  686  697  700  720
  723  736  738  739  743  752  755  760  770  775  777  782  791  792
  794  795  810  815  818  820  821  829  834  837  840  846  851  854
  855  859  862  871  877  884  893  896  898  901  903  906  914  921
  926  932  933  935  936  938  943  948  949  952  954  956  959  962
  963  964  978  979  984  990  997 1012 1014 1026 1029 1031 1032 1035
 1041 1046 1053 1054 1058 1069]","[[0.  ]
 [0.  ]
 [0.  ]
 [0.  ]
 [0.  ]
 [0.  ]
 [0.  ]
 [0.  ]
 [0.  ]
 [0.  ]
 [0.  ]
 [0.  ]
 [0.  ]
 [0.  ]
 [0.  ]
 [0.  ]
 [0.  ]
 [0.  ]
 [0.  ]
 [0.  ]
 [0.  ]
 [0.  ]
 [0.  ]
 [0.  ]
 [0.  ]
 [0.  ]
 [0.  ]
 [0.  ]
 [0.  ]
 [0.  ]
 [0.  ]
 [0.  ]
 [0.  ]
 [0.  ]
 [0.  ]
 [0.  ]
 [0.  ]
 [0.18]
 [0.36]
 [0.07]
 [0.  ]
 [0.  ]
 [0.  ]
 [0.  ]
 [0.07]
 [0.  ]
 [0.  ]
 [0.  ]
 [0.  ]
 [0.01]
 [0.1 ]
 [0.01]
 [0.  ]
 [0.  ]
 [0.  ]
 [0.  ]
 [0.  ]
 [0.07]
 [0.04]
 [0.28]
 [0.01]
 [0.16]
 [0.05]
 [0.31]
 [0.  ]
 [0.  ]
 [0.  ]
 [0.  ]
 [0.  ]
 [0.01]
 [0.  ]
 [0.  ]
 [0.  ]
 [0.01]
 [0.  ]
 [0.  ]
 [0.  ]
 [0.  ]
 [0.04]
 [0.09]
 [0.39]
 [1.  ]
 [0.87]
 [0.33]
 [0.02]
 [0.07]
 [0.04]
 [0.07]
 [0.32]
 [0.07]
 [0.  ]
 [0.05]
 [0.  ]
 [0.06]
 [0.  ]
 [0.75]
 [0.52]
 [0.05]
 [0.  ]
 [0.  ]
 [0.  ]
 [0.  ]
 [0.  ]
 [0.  ]
 [0.05]
 [0.  ]
 [0.  ]
 [0.  ]
 [0.7 ]
 [0.87]
 [0.  ]
 [0.24]
 [0.  ]
 [0.  ]
 [0.  ]
 [0.  ]
 [0.  ]
 [0.  ]
 [0.  ]
 [0.1 ]
 [0.  ]
 [0.  ]
 [0.  ]
 [0.  ]
 [0.  ]
 [0.  ]
 [0.  ]
 [0.04]
 [0.07]
 [0.  ]
 [0.  ]
 [0.  ]
 [0.  ]
 [0.  ]
 [0.  ]
 [0.  ]
 [0.  ]
 [0.  ]
 [0.  ]
 [0.05]
 [0.09]
 [0.  ]
 [0.  ]
 [0.  ]
 [0.  ]
 [0.  ]
 [0.  ]
 [0.  ]
 [0.  ]
 [0.  ]
 [0.  ]
 [0.02]
 [0.  ]
 [0.  ]
 [0.07]
 [0.  ]
 [0.06]
 [0.  ]
 [0.1 ]
 [0.  ]
 [0.1 ]
 [0.16]
 [0.  ]
 [0.  ]
 [0.  ]
 [0.  ]
 [0.  ]
 [0.  ]
 [0.  ]
 [0.  ]
 [0.  ]
 [0.  ]
 [0.  ]
 [0.07]
 [0.23]
 [0.  ]
 [0.  ]
 [0.01]
 [0.26]
 [0.6 ]
 [0.16]
 [0.79]
 [0.  ]
 [0.16]
 [0.38]
 [0.19]
 [0.64]
 [0.17]
 [0.09]
 [0.74]
 [0.66]
 [0.87]
 [0.61]
 [0.61]
 [0.74]
 [0.18]
 [0.1 ]
 [0.68]
 [0.36]
 [0.  ]
 [0.58]
 [0.54]
 [0.  ]
 [0.76]
 [0.6 ]
 [0.  ]
 [0.39]
 [0.12]
 [0.44]
 [0.  ]
 [0.29]
 [0.  ]
 [0.64]
 [0.  ]
 [0.  ]
 [0.16]]","[0.   0.   0.09 0.   0.03 0.01 0.   0.   0.   0.   0.   0.   0.   0.
 0.   0.   0.   0.   0.   0.   0.   0.46 0.   0.   0.03 0.01 0.04 0.
 0.   0.   0.   0.   0.   0.   0.   0.   0.   0.13 0.   0.   0.   0.
 0.06 0.   0.   0.07 0.   0.   0.   0.05 0.04 0.02 0.03 0.01 0.   0.
 0.   0.   0.02 0.   0.   0.02 0.48 0.08 0.   0.   0.   0.01 0.   0.1
 0.04 0.   0.09 0.01 0.   0.   0.04 0.03 0.   0.03 0.51 0.63 0.37 0.
 0.   0.14 0.   0.55 0.63 0.   0.   0.   0.23 0.   0.07 0.71 0.81 0.
 0.   0.07 0.04 0.   0.   0.   0.   0.44 0.   0.21 0.21 0.   0.   0.03
 0.03 0.05 0.06 0.   0.   0.15 0.11 0.   0.   0.14 0.   0.23 0.   0.07
 0.08 0.14 0.08 0.05 0.08 0.   0.   0.   0.   0.   0.   0.   0.   0.06
 0.23 0.   0.   0.   0.   0.08 0.07 0.03 0.07 0.   0.   0.04 0.   0.
 0.16 0.   0.03 0.04 0.11 0.16 0.   0.71 0.01 0.   0.   0.01 0.   0.
 0.   0.05 0.   0.   0.   0.   0.   0.05 0.   0.01 0.   0.07 0.   0.48
 0.   0.12 0.03 0.03 0.04 0.   0.2  0.48 0.59 0.28 0.21 0.61 0.53 0.21
 0.   0.26 0.12 0.26 0.22 0.34 0.67 0.69 0.51 0.   0.05 0.   0.   0.
 0.07 0.   0.36 0.09 0.13 0.07]"
3,0.08071043609293366,"SignificanceResult(statistic=0.42940590161240993, pvalue=4.2028112679533234e-11)","PearsonRResult(statistic=0.6700947991811431, pvalue=1.6165783921255264e-29)","{'weights': 'distance', 'p': 1, 'n_neighbors': 2, 'metric': 'minkowski', 'leaf_size': 50, 'algorithm': 'ball_tree'}","[   4    8   11   21   22   25   29   34   48   51   57   60   61   62
   66   71   73   77   84   92   97   98   99  103  106  108  111  116
  119  120  127  130  131  137  142  147  148  155  160  163  165  167
  170  171  184  185  200  201  211  216  221  225  232  237  239  242
  255  258  263  267  273  279  280  283  297  303  304  307  310  312
  318  323  334  337  345  352  368  378  380  390  391  397  399  401
  403  406  408  425  427  436  439  450  452  457  458  463  467  490
  498  505  510  515  520  521  524  538  539  556  566  568  569  571
  573  579  585  586  595  597  601  603  610  611  615  620  626  630
  634  635  644  648  650  652  658  659  677  680  688  694  696  699
  705  707  710  719  721  722  729  731  740  744  749  765  768  769
  771  773  774  779  783  796  803  805  808  809  812  823  824  830
  831  842  845  847  848  853  858  860  861  863  865  873  875  879
  882  883  887  894  895  902  909  911  923  925  928  929  931  939
  944  947  955  957  960  967  972  974  981  988  993 1000 1004 1020
 1038 1039 1052 1064 1073 1079]","[[0.02]
 [0.  ]
 [0.  ]
 [0.  ]
 [0.  ]
 [0.  ]
 [0.  ]
 [0.  ]
 [0.  ]
 [0.  ]
 [0.  ]
 [0.  ]
 [0.  ]
 [0.  ]
 [0.  ]
 [0.  ]
 [0.  ]
 [0.  ]
 [0.  ]
 [0.  ]
 [0.01]
 [0.  ]
 [0.  ]
 [0.  ]
 [0.  ]
 [0.  ]
 [0.  ]
 [0.  ]
 [0.  ]
 [0.  ]
 [0.  ]
 [0.  ]
 [0.  ]
 [0.  ]
 [0.06]
 [0.  ]
 [0.  ]
 [0.  ]
 [0.  ]
 [0.  ]
 [0.  ]
 [0.  ]
 [0.  ]
 [0.  ]
 [0.  ]
 [0.01]
 [0.  ]
 [0.  ]
 [0.  ]
 [0.  ]
 [0.  ]
 [0.  ]
 [0.  ]
 [0.01]
 [0.08]
 [0.  ]
 [0.02]
 [0.18]
 [0.  ]
 [0.  ]
 [0.  ]
 [0.04]
 [0.  ]
 [0.  ]
 [0.54]
 [0.  ]
 [0.  ]
 [0.  ]
 [0.  ]
 [0.  ]
 [0.  ]
 [0.  ]
 [0.  ]
 [0.  ]
 [0.08]
 [0.  ]
 [0.  ]
 [0.  ]
 [0.  ]
 [0.02]
 [0.  ]
 [0.  ]
 [0.32]
 [0.35]
 [0.22]
 [0.43]
 [0.34]
 [0.  ]
 [0.07]
 [0.01]
 [0.  ]
 [0.02]
 [0.08]
 [0.12]
 [0.21]
 [0.68]
 [0.65]
 [0.  ]
 [0.  ]
 [0.  ]
 [0.01]
 [0.  ]
 [0.  ]
 [0.12]
 [0.5 ]
 [0.88]
 [0.89]
 [0.  ]
 [0.  ]
 [0.  ]
 [0.  ]
 [0.  ]
 [0.27]
 [0.  ]
 [0.27]
 [0.  ]
 [0.  ]
 [0.  ]
 [0.  ]
 [0.  ]
 [0.  ]
 [0.  ]
 [0.  ]
 [0.  ]
 [0.  ]
 [0.  ]
 [0.  ]
 [0.16]
 [0.  ]
 [0.  ]
 [0.  ]
 [0.  ]
 [0.  ]
 [0.02]
 [0.  ]
 [0.  ]
 [0.  ]
 [0.  ]
 [0.  ]
 [0.  ]
 [0.07]
 [0.  ]
 [0.  ]
 [0.  ]
 [0.01]
 [0.3 ]
 [0.  ]
 [0.  ]
 [0.  ]
 [0.  ]
 [0.  ]
 [0.07]
 [0.  ]
 [0.01]
 [0.  ]
 [0.4 ]
 [0.07]
 [0.  ]
 [0.01]
 [0.  ]
 [0.  ]
 [0.  ]
 [0.  ]
 [0.05]
 [0.02]
 [0.  ]
 [0.02]
 [0.  ]
 [0.  ]
 [0.  ]
 [0.  ]
 [0.  ]
 [0.01]
 [0.  ]
 [0.  ]
 [0.01]
 [0.08]
 [0.  ]
 [0.  ]
 [0.18]
 [0.  ]
 [0.  ]
 [0.06]
 [0.  ]
 [0.  ]
 [0.01]
 [0.  ]
 [0.19]
 [0.59]
 [0.21]
 [0.14]
 [0.  ]
 [0.  ]
 [0.04]
 [0.15]
 [0.  ]
 [0.36]
 [0.4 ]
 [0.83]
 [0.62]
 [0.65]
 [0.28]
 [0.67]
 [0.  ]
 [0.47]
 [0.68]
 [0.65]
 [0.71]
 [0.78]
 [0.58]
 [0.  ]
 [0.  ]
 [0.08]
 [0.47]
 [0.36]
 [0.7 ]]","[0.01 0.03 0.   0.   0.   0.03 0.   0.   0.   0.   0.   0.   0.   0.
 0.   0.   0.   0.   0.   0.02 0.04 0.12 0.02 0.   0.02 0.02 0.1  0.
 0.34 0.   0.04 0.   0.   0.   0.   0.   0.   0.   0.   0.   0.07 0.
 0.   0.01 0.01 0.   0.   0.   0.   0.   0.   0.   0.   0.01 0.   0.
 0.05 0.   0.   0.   0.   0.19 0.15 0.02 0.09 0.   0.   0.03 0.   0.
 0.   0.   0.01 0.   0.   0.   0.07 0.02 0.16 0.02 0.   0.32 0.04 0.36
 0.59 0.41 0.   0.09 0.04 0.   0.04 0.   0.08 0.02 0.24 0.36 0.66 0.07
 0.   0.   0.2  0.32 0.17 0.49 0.   0.6  0.5  0.   0.   0.08 0.   0.
 0.   0.   0.   0.   0.   0.   0.   0.   0.09 0.07 0.02 0.   0.   0.
 0.02 0.04 0.   0.12 0.02 0.03 0.   0.16 0.   0.   0.   0.11 0.04 0.
 0.29 0.07 0.1  0.03 0.   0.07 0.1  0.   0.   0.   0.   0.   0.   0.
 0.02 0.04 0.   0.37 0.07 0.   0.   0.05 0.   0.07 0.03 0.4  0.39 0.
 0.4  0.   0.   0.   0.   0.   0.   0.   0.   0.   0.   0.   0.   0.
 0.   0.04 0.   0.   0.05 0.   0.   0.47 0.36 0.04 0.04 0.02 0.14 0.63
 0.25 0.75 0.99 0.61 0.66 0.2  0.49 0.27 0.   0.05 0.53 0.44 0.66 0.75
 0.01 0.15 0.04 0.42 0.58 0.19]"
4,0.10820599790522592,"SignificanceResult(statistic=0.5080898392297793, pvalue=1.406624337115717e-15)","PearsonRResult(statistic=0.6001575435673554, pvalue=1.5921555474759053e-22)","{'weights': 'distance', 'p': 1, 'n_neighbors': 2, 'metric': 'minkowski', 'leaf_size': 50, 'algorithm': 'ball_tree'}","[   1    3    6    9   10   15   18   20   24   26   27   37   39   43
   50   56   59   64   67   82  102  107  112  113  114  118  128  136
  146  149  150  157  161  166  179  183  188  190  199  205  206  208
  209  213  215  220  227  228  247  248  252  266  268  270  271  276
  282  289  290  292  298  302  309  311  313  315  317  321  325  328
  332  333  344  349  353  360  363  366  369  383  389  392  395  398
  405  424  433  434  440  456  459  461  469  470  472  475  477  478
  479  482  489  494  495  506  513  518  523  531  533  534  542  550
  551  553  554  561  562  564  576  580  587  588  596  600  606  612
  617  621  633  637  643  645  651  657  660  661  664  668  683  687
  690  692  702  703  711  712  715  735  764  788  789  800  804  807
  813  825  827  833  841  852  856  868  869  874  876  881  886  889
  892  899  900  908  910  919  927  940  941  942  953  965  969  971
  973  976  985  989  991  994  996  998 1002 1005 1006 1007 1009 1011
 1017 1021 1024 1030 1034 1036 1037 1042 1043 1044 1045 1048 1049 1056
 1060 1063 1067 1068 1077 1078]","[[0.01]
 [0.  ]
 [0.02]
 [0.  ]
 [0.  ]
 [0.  ]
 [0.  ]
 [0.  ]
 [0.  ]
 [0.  ]
 [0.  ]
 [0.  ]
 [0.  ]
 [0.  ]
 [0.  ]
 [0.  ]
 [0.  ]
 [0.  ]
 [0.  ]
 [0.  ]
 [0.  ]
 [0.  ]
 [0.  ]
 [0.  ]
 [0.  ]
 [0.  ]
 [0.  ]
 [0.  ]
 [0.  ]
 [0.  ]
 [0.  ]
 [0.  ]
 [0.  ]
 [0.  ]
 [0.  ]
 [0.1 ]
 [0.21]
 [0.  ]
 [0.  ]
 [0.27]
 [0.  ]
 [0.  ]
 [0.  ]
 [0.  ]
 [0.  ]
 [0.  ]
 [0.04]
 [0.  ]
 [0.  ]
 [0.  ]
 [0.01]
 [0.  ]
 [0.  ]
 [0.  ]
 [0.  ]
 [0.  ]
 [0.  ]
 [0.  ]
 [0.  ]
 [0.04]
 [0.34]
 [0.  ]
 [0.09]
 [0.  ]
 [0.  ]
 [0.  ]
 [0.  ]
 [0.04]
 [0.  ]
 [0.  ]
 [0.  ]
 [0.08]
 [0.  ]
 [0.  ]
 [0.  ]
 [0.21]
 [0.  ]
 [0.  ]
 [0.  ]
 [0.06]
 [0.24]
 [0.07]
 [0.01]
 [0.  ]
 [0.61]
 [0.12]
 [0.05]
 [0.  ]
 [0.  ]
 [0.01]
 [0.36]
 [0.45]
 [0.59]
 [0.82]
 [0.95]
 [0.91]
 [0.57]
 [0.92]
 [0.78]
 [0.17]
 [0.08]
 [0.  ]
 [0.  ]
 [0.  ]
 [0.04]
 [0.  ]
 [0.36]
 [0.17]
 [0.88]
 [0.7 ]
 [0.  ]
 [0.  ]
 [0.  ]
 [0.  ]
 [0.  ]
 [0.09]
 [0.  ]
 [0.07]
 [0.07]
 [0.  ]
 [0.  ]
 [0.  ]
 [0.01]
 [0.  ]
 [0.  ]
 [0.1 ]
 [0.  ]
 [0.01]
 [0.29]
 [0.04]
 [0.  ]
 [0.  ]
 [0.  ]
 [0.  ]
 [0.04]
 [0.  ]
 [0.  ]
 [0.  ]
 [0.  ]
 [0.  ]
 [0.  ]
 [0.04]
 [0.  ]
 [0.  ]
 [0.  ]
 [0.  ]
 [0.18]
 [0.12]
 [0.  ]
 [0.04]
 [0.  ]
 [0.02]
 [0.  ]
 [0.  ]
 [0.  ]
 [0.  ]
 [0.  ]
 [0.  ]
 [0.  ]
 [0.  ]
 [0.  ]
 [0.  ]
 [0.02]
 [0.  ]
 [0.  ]
 [0.  ]
 [0.  ]
 [0.  ]
 [0.01]
 [0.  ]
 [0.  ]
 [0.  ]
 [0.24]
 [0.07]
 [0.25]
 [0.  ]
 [0.17]
 [0.62]
 [0.71]
 [0.42]
 [0.64]
 [0.58]
 [0.35]
 [0.26]
 [0.25]
 [0.09]
 [0.77]
 [0.61]
 [0.17]
 [0.22]
 [0.51]
 [0.84]
 [0.71]
 [0.8 ]
 [0.79]
 [0.45]
 [0.65]
 [0.  ]
 [0.  ]
 [0.  ]
 [0.  ]
 [0.  ]
 [0.  ]
 [0.04]
 [0.32]
 [0.56]
 [0.  ]
 [0.  ]
 [0.04]
 [0.5 ]
 [0.  ]
 [0.56]
 [0.3 ]
 [0.53]
 [0.61]
 [0.7 ]]","[0.07 0.   0.01 0.03 0.   0.07 0.   0.   0.   0.   0.   0.   0.36 0.
 0.   0.   0.03 0.   0.   0.   0.06 0.   0.01 0.   0.09 0.   0.   0.
 0.   0.   0.   0.   0.   0.   0.01 0.02 0.   0.05 0.   0.   0.   0.
 0.01 0.   0.   0.   0.43 0.03 0.   0.   0.   0.   0.   0.05 0.04 0.05
 0.   0.   0.02 0.11 0.01 0.02 0.   0.   0.   0.   0.   0.   0.   0.04
 0.   0.02 0.32 0.   0.   0.46 0.14 0.08 0.37 0.08 0.01 0.08 0.34 0.55
 0.46 0.02 0.05 0.1  0.   0.05 0.02 0.35 0.09 0.53 0.19 0.04 0.7  0.71
 0.63 0.   0.   0.   0.   0.15 0.   0.   0.62 0.01 0.08 0.   0.01 0.
 0.   0.   0.04 0.   0.   0.   0.4  0.07 0.   0.   0.35 0.29 0.   0.
 0.   0.03 0.02 0.   0.   0.08 0.   0.32 0.01 0.   0.   0.   0.   0.
 0.   0.   0.   0.35 0.   0.   0.   0.04 0.   0.   0.   0.2  0.   0.06
 0.   0.   0.   0.05 0.   0.   0.   0.   0.   0.   0.04 0.03 0.   0.
 0.12 0.   0.   0.   0.   0.   0.08 0.72 0.26 0.35 0.52 0.57 0.47 0.62
 0.   0.   0.24 0.61 0.4  0.43 0.62 0.   0.7  0.86 0.64 0.57 0.23 0.52
 0.68 0.05 0.   0.35 0.   0.   0.   0.   0.01 0.02 0.03 0.   0.   0.13
 0.39 0.74 0.22 0.22 0.74 0.  ]"
5,0.08046303821130535,"SignificanceResult(statistic=0.5065037943153258, pvalue=1.7790221805882653e-15)","PearsonRResult(statistic=0.671637582957692, pvalue=1.0782103569218446e-29)","{'weights': 'distance', 'p': 1, 'n_neighbors': 2, 'metric': 'minkowski', 'leaf_size': 50, 'algorithm': 'ball_tree'}","[   5   14   16   19   33   41   42   45   47   49   52   54   55   63
   68   72   74   78   80   83   87   90   91   94   96  104  124  129
  135  138  145  151  159  169  181  186  187  202  207  210  214  222
  233  235  240  244  256  257  259  264  269  284  287  291  314  320
  329  331  338  339  341  347  348  351  356  357  358  361  364  365
  367  372  374  377  381  386  396  402  407  410  413  417  422  423
  428  435  437  447  454  455  460  465  466  471  473  481  491  497
  499  503  504  507  516  517  522  527  528  535  536  541  543  544
  552  555  557  558  575  584  590  592  598  607  608  609  625  628
  631  641  646  649  653  654  656  663  666  671  672  675  678  681
  682  684  691  709  714  716  718  726  728  733  734  737  742  746
  747  748  750  756  757  759  761  763  767  772  778  780  781  784
  785  786  797  798  799  802  811  814  819  826  835  857  866  878
  885  897  912  915  918  920  922  924  930  937  945  946  951  961
  970  975  986  987  992  999 1010 1013 1015 1022 1023 1027 1033 1040
 1062 1065 1066 1070 1074 1076]","[[0.  ]
 [0.  ]
 [0.  ]
 [0.  ]
 [0.  ]
 [0.  ]
 [0.  ]
 [0.  ]
 [0.  ]
 [0.  ]
 [0.  ]
 [0.  ]
 [0.  ]
 [0.  ]
 [0.  ]
 [0.  ]
 [0.  ]
 [0.  ]
 [0.  ]
 [0.  ]
 [0.  ]
 [0.  ]
 [0.  ]
 [0.  ]
 [0.  ]
 [0.  ]
 [0.  ]
 [0.  ]
 [0.06]
 [0.  ]
 [0.  ]
 [0.  ]
 [0.  ]
 [0.  ]
 [0.01]
 [0.  ]
 [0.  ]
 [0.  ]
 [0.  ]
 [0.  ]
 [0.  ]
 [0.  ]
 [0.16]
 [0.  ]
 [0.  ]
 [0.  ]
 [0.  ]
 [0.  ]
 [0.  ]
 [0.  ]
 [0.  ]
 [0.  ]
 [0.  ]
 [0.15]
 [0.  ]
 [0.01]
 [0.  ]
 [0.  ]
 [0.  ]
 [0.  ]
 [0.  ]
 [0.  ]
 [0.02]
 [0.  ]
 [0.  ]
 [0.  ]
 [0.  ]
 [0.01]
 [0.1 ]
 [0.14]
 [0.  ]
 [0.  ]
 [0.  ]
 [0.02]
 [0.  ]
 [0.04]
 [0.  ]
 [0.45]
 [0.42]
 [0.66]
 [0.48]
 [0.34]
 [0.  ]
 [0.  ]
 [0.  ]
 [0.  ]
 [0.  ]
 [0.  ]
 [0.04]
 [0.07]
 [0.33]
 [0.71]
 [0.51]
 [0.74]
 [0.82]
 [0.  ]
 [0.08]
 [0.  ]
 [0.  ]
 [0.01]
 [0.29]
 [0.  ]
 [0.25]
 [0.  ]
 [0.37]
 [0.43]
 [0.44]
 [0.9 ]
 [0.91]
 [0.  ]
 [0.  ]
 [0.  ]
 [0.  ]
 [0.  ]
 [0.  ]
 [0.  ]
 [0.14]
 [0.33]
 [0.  ]
 [0.  ]
 [0.  ]
 [0.  ]
 [0.  ]
 [0.07]
 [0.  ]
 [0.  ]
 [0.  ]
 [0.  ]
 [0.  ]
 [0.  ]
 [0.  ]
 [0.  ]
 [0.02]
 [0.  ]
 [0.  ]
 [0.  ]
 [0.  ]
 [0.  ]
 [0.  ]
 [0.04]
 [0.  ]
 [0.01]
 [0.  ]
 [0.  ]
 [0.  ]
 [0.  ]
 [0.  ]
 [0.  ]
 [0.  ]
 [0.  ]
 [0.  ]
 [0.  ]
 [0.  ]
 [0.  ]
 [0.  ]
 [0.18]
 [0.  ]
 [0.  ]
 [0.24]
 [0.07]
 [0.  ]
 [0.  ]
 [0.  ]
 [0.  ]
 [0.  ]
 [0.  ]
 [0.  ]
 [0.  ]
 [0.07]
 [0.  ]
 [0.  ]
 [0.  ]
 [0.  ]
 [0.  ]
 [0.  ]
 [0.  ]
 [0.12]
 [0.  ]
 [0.  ]
 [0.  ]
 [0.  ]
 [0.  ]
 [0.  ]
 [0.  ]
 [0.65]
 [0.4 ]
 [0.48]
 [0.48]
 [0.  ]
 [0.73]
 [0.44]
 [0.06]
 [0.77]
 [0.02]
 [0.53]
 [0.1 ]
 [0.52]
 [0.21]
 [0.14]
 [0.38]
 [0.33]
 [0.5 ]
 [0.55]
 [0.68]
 [0.78]
 [0.  ]
 [0.  ]
 [0.12]
 [0.  ]
 [0.12]
 [0.33]
 [0.6 ]
 [0.58]
 [0.08]
 [0.34]
 [0.77]]","[0.01 0.   0.   0.04 0.   0.   0.   0.17 0.   0.07 0.   0.   0.06 0.01
 0.   0.   0.03 0.02 0.   0.   0.   0.   0.11 0.   0.   0.   0.   0.18
 0.06 0.   0.   0.   0.05 0.   0.02 0.01 0.11 0.   0.   0.   0.   0.02
 0.39 0.   0.04 0.33 0.   0.13 0.   0.   0.   0.21 0.2  0.01 0.   0.
 0.04 0.01 0.05 0.01 0.   0.   0.   0.   0.   0.   0.   0.01 0.   0.
 0.03 0.   0.01 0.   0.23 0.02 0.   0.18 0.31 0.   0.4  0.51 0.   0.
 0.02 0.   0.12 0.   0.04 0.07 0.48 0.45 0.36 0.15 0.39 0.   0.   0.
 0.   0.17 0.   0.   0.16 0.08 0.02 0.5  0.45 0.25 0.06 0.01 0.2  0.12
 0.   0.06 0.03 0.   0.   0.17 0.   0.05 0.   0.   0.   0.03 0.   0.24
 0.   0.09 0.23 0.   0.51 0.32 0.02 0.   0.   0.   0.02 0.   0.   0.
 0.   0.   0.02 0.06 0.   0.1  0.02 0.   0.   0.   0.   0.   0.   0.
 0.02 0.   0.   0.   0.23 0.15 0.13 0.   0.   0.04 0.   0.   0.05 0.06
 0.01 0.01 0.   0.1  0.02 0.   0.   0.   0.1  0.   0.   0.   0.01 0.05
 0.05 0.   0.15 0.   0.49 0.64 0.   0.11 0.13 0.29 0.38 0.   0.51 0.13
 0.62 0.   0.   0.15 0.74 0.41 0.52 0.67 0.63 0.09 0.   0.21 0.   0.
 0.05 0.25 0.75 0.11 0.19 0.65]"
